Cov, AUS , CAN , FRA , GER , JAP , UK , USA 
 AUS ,0.0256,0.01585,0.018967,0.02233,0.01475,0.016384,0.014691
 CAN ,0.01585,0.041209,0.033428,0.036034,0.027923,0.024685,0.024751
 FRA ,0.018967,0.033428,0.061504,0.057866,0.018488,0.038837,0.030979
 GER ,0.02233,0.036034,0.057866,0.073441,0.020146,0.042113,0.033092
 JAP ,0.01475,0.013215,0.018488,0.020146,0.0441,0.01701,0.012017
 UK ,0.016384,0.024685,0.038837,0.042113,0.01701,0.04,0.024385
 USA ,0.014691,0.029572,0.030979,0.033092,0.012017,0.024385,0.034969